,Logistic Regression,Decision Tree,Gradient Boosting,SVM,k-NN
Sample1,0.9344262295081968,0.9672131147540983,0.9672131147540983,0.6557377049180327,0.7377049180327869
Sample2,0.8524590163934426,0.9180327868852459,0.9508196721311475,0.5901639344262295,0.7868852459016393
Sample3,0.9016393442622951,0.9344262295081968,0.9836065573770492,0.6885245901639344,0.7377049180327869
Sample4,0.7741935483870968,0.8387096774193549,0.9193548387096774,0.6935483870967742,0.7419354838709677
Sample5,0.9180327868852459,0.9672131147540983,0.9836065573770492,0.6557377049180327,0.7868852459016393
